"","LGA","m_count","f_count","m_percent","f_percent"
"1",10050,24662,26411,0.482849087634114,0.517092176364633
"2",10130,14227,15220,0.483106387313661,0.516825698665489
"3",10250,20127,21658,0.4816223977028,0.518257956448911
"4",10300,1177,1115,0.514648010494097,0.487538259728902
"5",10470,20695,20605,0.501089588377724,0.498910411622276
"6",10550,16252,17001,0.488737858238354,0.511262141761646
"7",10600,6123,6548,0.483343858541206,0.516892958635933
"8",10650,4224,4236,0.499172772394233,0.500590876861262
"9",10750,167574,169390,0.497308301826319,0.502697633561054
"10",10800,2971,2988,0.498908480268682,0.50176322418136
"11",10850,3613,3647,0.497864131183685,0.502549262780763
"12",10900,37119,39782,0.482666701341933,0.517294288983668
"13",10950,1355,1334,0.50334323922734,0.49554234769688
"14",11100,23229,23420,0.497899429845244,0.501993398208085
"15",11150,1301,1329,0.493925588458618,0.504555808656036
"16",11200,849,802,0.514233797698365,0.485766202301635
"17",11250,8615,9091,0.486503275355771,0.513383781341766
"18",11300,17785,19028,0.483169876932272,0.516938792143226
"19",11350,15197,16361,0.481588287488909,0.518475091900114
"20",11400,6692,6699,0.499925295084417,0.500448229493501
"21",11450,38336,39884,0.49011736428955,0.509908205272444
"22",11500,77002,79999,0.490439855801689,0.509528298281594
"23",11520,42348,45666,0.481145259330796,0.518843378969494
"24",11570,172327,173977,0.497620573949905,0.502385201356042
"25",11600,1421,1303,0.522618609783008,0.479220301581464
"26",11650,158768,168972,0.484438694559035,0.515573510386409
"27",11700,973,859,0.530823786142935,0.468630660120022
"28",11720,27633,27928,0.497354211663067,0.502663786897048
"29",11730,25140,25530,0.49614177734799,0.50383848749778
"30",11750,2394,2255,0.515171078114913,0.485259307079836
"31",11800,35319,37629,0.484193353805659,0.515861482781312
"32",12000,2160,2156,0.500579374275782,0.499652375434531
"33",12150,1947,1970,0.496937212863706,0.502807554874936
"34",12350,6157,6308,0.494141252006421,0.506260032102729
"35",12380,111080,105000,0.514071242462248,0.485933385474757
"36",12700,4497,4479,0.501058495821727,0.499052924791086
"37",12730,4353,4492,0.491808835159869,0.50751327533612
"38",12750,18270,18955,0.490706918779544,0.509105070906747
"39",12850,97959,100855,0.492709375958796,0.507275534788273
"40",12870,6102,6174,0.497026960983954,0.502891585892319
"41",12900,4806,4784,0.501303848962136,0.499009074788776
"42",12930,71755,75086,0.488657799933261,0.511342200066739
"43",12950,2089,2142,0.493153918791313,0.505665722379603
"44",13010,4380,4453,0.495699411498416,0.503961068356722
"45",13310,14982,14631,0.505994798878719,0.494140295180519
"46",13340,5187,5170,0.501111003767752,0.499468650371945
"47",13450,12795,12847,0.499005499005499,0.501033501033501
"48",13510,5514,5624,0.494928641953146,0.504802082398348
"49",13550,6105,6107,0.499795333606222,0.499959066721244
"50",13660,2657,2592,0.50532521871434,0.492963103841765
"51",13800,31952,32635,0.494674263066634,0.505248327966312
"52",13850,1480,1461,0.502376103190767,0.495926680244399
"53",13910,9088,9402,0.49129635636285,0.508271164450211
"54",14000,69634,73027,0.488087644655036,0.511870299368459
"55",14100,6987,7016,0.499107079077077,0.501178655618258
"56",14170,88736,93302,0.487445273918799,0.512527260042957
"57",14200,8061,8423,0.489049323545471,0.511011345022144
"58",14300,3574,2720,0.567752184273233,0.43208895949166
"59",14350,14447,14439,0.500155790202527,0.499878829842479
"60",14400,10528,10936,0.490495713753261,0.509504286246739
"61",14500,56657,61394,0.479928506687674,0.520054551769121
"62",14550,4529,4411,0.506599552572707,0.493400447427293
"63",14600,3100,3099,0.500484339683565,0.500322893122377
"64",14650,96294,101077,0.487883224992527,0.512116775007473
"65",14700,17733,18313,0.491886494133311,0.507974813458711
"66",14750,5530,5633,0.495164756446991,0.504387535816619
"67",14850,20975,22160,0.486264054711951,0.513735945288049
"68",14870,10689,10401,0.506827880512091,0.493172119487909
"69",14900,101351,102975,0.496025958517271,0.503974041482729
"70",14920,3870,3815,0.503447378691297,0.496292441784832
"71",14950,1537,1579,0.492786149406861,0.506252003847387
"72",15050,37736,39571,0.488144363236531,0.511881508311235
"73",15240,44091,46215,0.48825620411282,0.511777017374838
"74",15270,12099,11975,0.502533643462369,0.497383286260176
"75",15300,6636,6520,0.504293639334296,0.495478379816095
"76",15350,13189,15290,0.463178226514486,0.536962247585601
"77",15520,5795,5881,0.496147260273973,0.503510273972603
"78",15560,2026,1812,0.5281543274244,0.472367049009385
"79",15650,8243,7837,0.512433171702101,0.487193833146836
"80",15700,9421,9794,0.490370601707266,0.509785550697481
"81",15750,6528,6559,0.498929990828493,0.501299296851116
"82",15800,2901,2953,0.495643259866735,0.504527592687511
"83",15850,3214,3226,0.498758535071384,0.500620732464308
"84",15900,76642,78766,0.49315685504887,0.506823841298235
"85",15950,31910,35744,0.471636761358598,0.528304117768778
"86",15990,123507,129370,0.488405476158464,0.511590569365465
"87",16100,2751,2543,0.518958687040181,0.479720807394831
"88",16150,19615,20728,0.486193733888558,0.513781479278207
"89",16200,7190,7416,0.492196056955093,0.507667031763417
"90",16260,113158,112996,0.500369225599052,0.499652883718257
"91",16350,96822,99243,0.493823508410433,0.506171391266206
"92",16380,37697,40846,0.479978100052203,0.520072830058952
"93",16400,34384,35174,0.494335499453678,0.505693254356202
"94",16490,28133,27899,0.502132900208828,0.497956342477734
"95",16550,69179,71482,0.49181714773212,0.508189961609555
"96",16610,11318,11489,0.496251150962424,0.503748849037576
"97",16650,54079,55325,0.494305509853387,0.505694490146613
"98",16700,56509,59791,0.485881584151605,0.514101219239566
"99",16900,33444,35015,0.48851884312007,0.511466549810108
"100",16950,49284,50364,0.494570998494732,0.505408931259408
"101",17000,11701,11288,0.509026841258102,0.491060164440771
"102",17040,10461,9756,0.517410228509249,0.482540310614304
"103",17080,7278,7119,0.505592219520667,0.494546717610281
"104",17100,20434,19874,0.50689620956539,0.493004564397698
"105",17150,106713,111750,0.488469496118354,0.511525926468434
"106",17200,107852,100530,0.517588566711778,0.482449825794005
"107",17310,29077,30581,0.487353971473107,0.512562224494243
"108",17350,3036,3073,0.496890343698854,0.502945990180033
"109",17400,3253,3375,0.49079662039831,0.50920337960169
"110",17420,77451,79791,0.492556107426086,0.50743753299034
"111",17550,44109,47261,0.482746166726861,0.517242888881593
"112",17620,6970,7140,0.49390589569161,0.505952380952381
"113",17640,3917,3785,0.5090318388564,0.491877842755036
"114",17650,2926,3120,0.483796296296296,0.515873015873016
"115",17750,30504,31880,0.48896369319548,0.511020277310251
"116",17850,1551,1540,0.501617076326003,0.498059508408797
"117",17900,3235,2875,0.529719993450139,0.47077124611102
"118",17950,1366,1366,0.5,0.5
"119",18020,4689,4692,0.499680306905371,0.5
"120",18050,32485,34334,0.486215051188409,0.513889720409507
"121",18100,1834,1831,0.500545851528384,0.499727074235808
"122",18200,3512,3288,0.516926700029438,0.483956432146011
"123",18230,24566,25505,0.490564530622841,0.509315653893005
"124",18250,35686,38624,0.480283168689941,0.519824500013459
"125",18350,22894,24988,0.478133745457583,0.521866254542417
"126",18400,24207,24314,0.498917949669202,0.501123271295781
"127",18450,100542,103087,0.493748465353828,0.506246623778422
"128",18500,25232,29009,0.465191740412979,0.534826696165192
"129",18710,7931,8209,0.491326973113617,0.508549126502292
"130",19399,569,492,0.538825757575758,0.465909090909091
"131",20110,6074,6265,0.492340115100916,0.507821998865202
"132",20260,6152,5449,0.530344827586207,0.469741379310345
"133",20570,48864,52821,0.480538127175816,0.51945203862872
"134",20660,59222,62644,0.485963976531408,0.514044229270094
"135",20740,15897,16912,0.484605535910255,0.515546884526277
"136",20830,23543,24938,0.485632954475134,0.514408300501248
"137",20910,46229,50862,0.476160557026172,0.523880643134508
"138",21010,6720,7149,0.484813505519082,0.515763653416059
"139",21110,80145,87085,0.479247268748019,0.520746751499423
"140",21180,97239,97079,0.500409121084402,0.499585732738435
"141",21270,3138,3066,0.506047411707789,0.494436381228834
"142",21370,18293,18765,0.493591646204905,0.506327406168209
"143",21450,46358,47773,0.492499575046745,0.507532296447391
"144",21610,149024,150274,0.497906789486169,0.502083187159415
"145",21670,6412,6580,0.493420546363986,0.506348595613698
"146",21750,10485,10489,0.499952317375548,0.500143047873355
"147",21830,8082,7970,0.503520029904679,0.496542271509563
"148",21890,70903,75816,0.483257110531015,0.516742889468985
"149",22110,22107,22932,0.490830373001776,0.509147424511545
"150",22170,65418,68727,0.487673602051542,0.512341307410748
"151",22250,5257,5293,0.498341074983411,0.501753720731823
"152",22310,68140,72735,0.483691215616681,0.516308784383319
"153",22410,9749,9809,0.498491588689472,0.501559543897326
"154",22490,11019,10675,0.508068978236813,0.492207672445592
"155",22620,53587,56891,0.485051187124922,0.514957864532889
"156",22670,77550,74506,0.510029595527787,0.490009865175929
"157",22750,113214,120217,0.485004005500602,0.515004562415124
"158",22830,31713,32125,0.496780863762395,0.503234801134139
"159",22910,7382,7944,0.481539465101109,0.518199608610567
"160",22980,2848,2872,0.497815067295927,0.502010138087747
"161",23110,43631,45146,0.491461848656199,0.508526887291897
"162",23190,9576,10067,0.487526728439059,0.512524182873434
"163",23270,98273,99102,0.497897414072633,0.502097519455253
"164",23350,7859,8097,0.492665496489468,0.507585255767302
"165",23430,73637,77753,0.486409184286837,0.513597421212902
"166",23670,75317,78793,0.488722341184868,0.511277658815132
"167",23810,35788,37469,0.488526693694801,0.511473306305199
"168",23940,3848,3668,0.511974454497073,0.488025545502927
"169",24130,22685,23415,0.492082429501085,0.507917570498915
"170",24210,56306,59953,0.484331856694336,0.515702550427939
"171",24250,4272,4314,0.49767008387698,0.502562907735322
"172",24330,41405,40883,0.503171786894808,0.496828213105192
"173",24410,53398,56979,0.483782706385446,0.516226353555121
"174",24600,66137,69823,0.486448120389235,0.513559234769305
"175",24650,66890,68549,0.49386088612922,0.506109581152219
"176",24780,26481,27398,0.491499313263299,0.508519247188092
"177",24850,20570,20350,0.502712742558287,0.497336135686006
"178",24900,14514,14598,0.498557295960429,0.501442704039571
"179",24970,89722,92890,0.49130972850431,0.508657416026898
"180",25060,56394,60280,0.483359189515818,0.51666652381483
"181",25150,15744,16073,0.494814256081463,0.505154315167515
"182",25250,79507,83051,0.489099275335573,0.510900724664427
"183",25340,74875,80125,0.483067632694405,0.516938818960122
"184",25430,9389,9375,0.500453067533714,0.499706838654656
"185",25490,8255,8245,0.500454683237345,0.499848438920885
"186",25620,6957,6771,0.506626856976406,0.493081852607049
"187",25710,30266,31007,0.49395329100909,0.50604670899091
"188",25810,5652,5785,0.494099134539732,0.505726025002186
"189",25900,49307,51563,0.488851214022982,0.511218187045795
"190",25990,3831,3408,0.529289859077093,0.470848300635535
"191",26080,1325,1527,0.464423413950228,0.535226077812829
"192",26170,14059,14644,0.489809427585967,0.510190572414033
"193",26260,7759,8178,0.486640742599097,0.512920220772704
"194",26350,49371,54462,0.475489251868403,0.524520379073889
"195",26430,5074,5198,0.493868016351956,0.505937317500487
"196",26490,14582,14818,0.496037010579311,0.504065040650406
"197",26610,10368,10217,0.503692188107268,0.496356393315196
"198",26670,3077,2907,0.514118629908104,0.485714285714286
"199",26700,13651,14665,0.482197103496998,0.518014835747086
"200",26730,16157,17502,0.480077254494132,0.520041598573763
"201",26810,21695,21287,0.504734429890887,0.495242305097364
"202",26890,1966,1941,0.503715090955675,0.497309761721753
"203",26980,78051,84032,0.481564431940177,0.518466417403966
"204",27070,97541,99952,0.493900987893119,0.506109139150645
"205",27170,19296,20050,0.490356026530457,0.509516911895505
"206",27260,108806,108319,0.501128397859268,0.498885419257376
"207",27350,42039,44619,0.485119494097419,0.514892045651246
"208",27450,73819,75717,0.493650400904124,0.506342911787718
"209",27630,3366,3305,0.504345220257717,0.495205274198382
"210",29399,473,409,0.539954337899543,0.46689497716895
"211",30250,632,635,0.498029944838455,0.500394011032309
"212",30300,2251,2129,0.514279186657528,0.486406214302033
"213",30370,7388,6928,0.5159578182834,0.483832669879181
"214",30410,1449,1419,0.505759162303665,0.495287958115183
"215",30450,149,123,0.558052434456929,0.460674157303371
"216",30760,944,958,0.496058854440357,0.503415659485024
"217",30900,228,201,0.535211267605634,0.471830985915493
"218",31000,556440,574720,0.491921973558,0.508082446702707
"219",31750,187,164,0.529745042492918,0.464589235127479
"220",31820,45716,47180,0.492114922979214,0.507874312410519
"221",31900,8673,8402,0.507965327398384,0.492093241185428
"222",31950,183,144,0.557926829268293,0.439024390243902
"223",32080,77390,79508,0.49324096086067,0.506739918802302
"224",32250,1003,947,0.512257405515832,0.483656792645557
"225",32260,14769,13961,0.514133537561791,0.486005709113695
"226",32270,14756,13240,0.527018822100789,0.472874031215401
"227",32310,5885,5992,0.495537217918491,0.504546985517009
"228",32330,628,635,0.494877856579984,0.500394011032309
"229",32450,1706,1327,0.562664907651715,0.437664907651715
"230",32500,2273,1950,0.537860861334595,0.461429247515381
"231",32600,148,145,0.503401360544218,0.493197278911565
"232",32750,150,142,0.515463917525773,0.487972508591065
"233",32770,707,692,0.503202846975089,0.492526690391459
"234",32810,5960,5758,0.508792897387741,0.491548574355472
"235",33100,435,369,0.544430538172716,0.461827284105131
"236",33200,777,756,0.505859375,0.4921875
"237",33220,49773,51730,0.490355059899117,0.509635088272383
"238",33360,31647,29989,0.513416612589228,0.486518494484101
"239",33430,270141,285586,0.486109036728862,0.513901760055855
"240",33610,5340,5288,0.502351834430856,0.497460018814675
"241",33620,24578,24985,0.495934139106923,0.504146572771848
"242",33800,5556,5332,0.510427193385393,0.489848415250345
"243",33830,499,423,0.543572984749455,0.46078431372549
"244",33960,95797,97937,0.494479515622016,0.505525646121208
"245",33980,11419,9516,0.545319961795606,0.454441260744986
"246",34420,451,493,0.477754237288136,0.522245762711864
"247",34530,18621,17649,0.513371195412439,0.486573665637406
"248",34570,357,360,0.501404494382023,0.50561797752809
"249",34580,19298,19309,0.499831645471263,0.500116553135279
"250",34590,149901,153480,0.494093333245437,0.505890186099556
"251",34710,1791,1869,0.489344262295082,0.510655737704918
"252",34770,58256,56713,0.506710504570797,0.493289495429203
"253",34800,432,364,0.542713567839196,0.457286432160804
"254",34830,151,157,0.487096774193548,0.506451612903226
"255",34860,6515,6150,0.514369177325122,0.485551871151113
"256",34880,11310,10251,0.524655564317855,0.475529990258385
"257",35010,208170,217136,0.48946395737617,0.510545447705395
"258",35250,563,579,0.492563429571304,0.506561679790026
"259",35300,9656,9012,0.517165657972256,0.482673665042044
"260",35600,2131,2180,0.4947759461342,0.506152774553053
"261",35670,495,464,0.517241379310345,0.484848484848485
"262",35740,25340,26810,0.485915357916739,0.514103817906384
"263",35760,5353,5129,0.510879938919641,0.489501813323153
"264",35780,1359,1434,0.486051502145923,0.512875536480687
"265",35790,1209,1235,0.494276369582993,0.504905968928863
"266",35800,815,824,0.496951219512195,0.502439024390244
"267",36070,375,378,0.500667556742323,0.504672897196262
"268",36150,436,377,0.536285362853628,0.463714637146371
"269",36250,71985,75022,0.489660567308346,0.510319025916604
"270",36300,410,378,0.518331226295828,0.47787610619469
"271",36370,39402,40321,0.494217695607456,0.505744675513634
"272",36510,19761,20308,0.493137352765023,0.506787781992414
"273",36580,12381,12215,0.503354067569216,0.496605277066309
"274",36630,16111,16071,0.500559249363077,0.499316473000684
"275",36660,17285,17831,0.492309883224153,0.507861008259755
"276",36720,141965,152403,0.48227212968845,0.517731267431472
"277",36820,12214,12617,0.491964393603738,0.508196721311475
"278",36910,78166,82607,0.486170457584635,0.51379222410887
"279",36950,1788,1826,0.495290858725762,0.505817174515235
"280",36960,2295,2221,0.508418254319894,0.492024811696943
"281",37010,93352,93402,0.49985810438163,0.50012583196346
"282",37300,2097,1806,0.537003841229193,0.462483994878361
"283",37310,17128,16322,0.512139696208587,0.488039708168879
"284",37340,17495,16284,0.517940671442951,0.482088933625437
"285",37400,590,538,0.520282186948854,0.474426807760141
"286",37550,470,492,0.488565488565489,0.511434511434511
"287",37570,131,148,0.464539007092199,0.524822695035461
"288",37600,1278,1278,0.499413833528722,0.499413833528722
"289",40070,11310,10753,0.512622943389385,0.487377056610615
"290",40120,19338,19528,0.497594112652137,0.502483081594319
"291",40220,12601,13271,0.487032814130561,0.512928535538979
"292",40250,1080,1190,0.474516695957821,0.522847100175747
"293",40310,11638,11921,0.494014772051957,0.506027676373207
"294",40430,1307,1234,0.51375786163522,0.485062893081761
"295",40520,5268,5274,0.499573257467994,0.500142247510669
"296",40700,20723,23185,0.471931862175765,0.527999817813304
"297",40910,24386,25775,0.486125508332669,0.513814687823937
"298",41010,1697,1716,0.497946009389671,0.503521126760563
"299",41060,54650,57111,0.48899864887839,0.511019246772072
"300",41140,4488,4531,0.497395544719051,0.502161143743766
"301",41190,925,843,0.522303783173348,0.476002258610954
"302",41330,962,801,0.545970488081725,0.454597048808173
"303",41560,7038,7100,0.497772119669001,0.502157153971285
"304",41750,561,484,0.536842105263158,0.463157894736842
"305",41830,806,836,0.490566037735849,0.508825319537431
"306",41960,685,608,0.527734976887519,0.468412942989214
"307",42030,11098,11937,0.481809499001476,0.518233915082053
"308",42110,2079,2059,0.502659574468085,0.497823984526112
"309",42250,4507,3690,0.549433134219188,0.449835426063635
"310",42600,16847,18514,0.476442307692308,0.523585972850679
"311",42750,2405,2297,0.511484474691621,0.488515525308379
"312",43080,566,526,0.519266055045872,0.48256880733945
"313",43220,543,516,0.511781338360038,0.486333647502356
"314",43360,1215,1132,0.517241379310345,0.481907194550873
"315",43650,7438,7290,0.504750271444082,0.494706840390879
"316",43710,2954,2561,0.536116152450091,0.464791288566243
"317",43790,5737,5747,0.499434142944198,0.500304692260817
"318",43920,4560,4246,0.518122940574935,0.482445176684468
"319",44000,25,30,0.423728813559322,0.508474576271186
"320",44060,42609,46003,0.480816538400776,0.519115755264168
"321",44210,4617,4020,0.534251330710484,0.465170099514001
"322",44340,31270,33531,0.482524496566623,0.517413779800941
"323",44550,16246,17149,0.486450878821451,0.51348923556008
"324",44620,12737,13538,0.484738925254986,0.515223017202009
"325",44830,1458,1401,0.509078212290503,0.489175977653631
"326",45040,10474,10381,0.502157445584428,0.497698724709943
"327",45090,4308,3984,0.519599565794235,0.480521046918345
"328",45120,2315,2213,0.511715296198055,0.489168877099912
"329",45290,16931,18425,0.478790792375997,0.521039533963011
"330",45340,81610,85155,0.489368336471463,0.510625667102407
"331",45400,447,449,0.499441340782123,0.501675977653631
"332",45540,830,848,0.494636471990465,0.505363528009535
"333",45680,44296,45075,0.495636217159737,0.504352593653493
"334",45890,60100,61132,0.495751876598202,0.504264620968407
"335",46090,7036,6772,0.509559675550406,0.490440324449594
"336",46300,6930,7138,0.492747440273038,0.507536973833902
"337",46450,8501,8861,0.489576134531214,0.510308684634877
"338",46510,10296,10226,0.501583280557315,0.498173137818483
"339",46670,4720,4755,0.498153034300792,0.501846965699208
"340",46860,705,675,0.511611030478955,0.489840348330914
"341",46970,2217,1663,0.570803295571576,0.42816683831102
"342",47140,68753,69229,0.498285971053566,0.501735771385501
"343",47290,1047,984,0.51652688702516,0.485446472619635
"344",47490,1101,976,0.530858244937319,0.470588235294118
"345",47630,3480,3139,0.525679758308157,0.47416918429003
"346",47700,47813,49918,0.489215626087134,0.510753678351444
"347",47800,2758,2619,0.512639405204461,0.486802973977695
"348",47910,1281,1326,0.490804597701149,0.508045977011494
"349",47980,17771,19949,0.471116884494048,0.528856605074097
"350",48050,6914,7749,0.47146266621207,0.528400954653938
"351",48130,3465,3338,0.509483899426555,0.490810174974268
"352",48260,3676,3879,0.486887417218543,0.513774834437086
"353",48340,5893,5784,0.504667294681853,0.495332705318147
"354",48410,28250,29646,0.487901763354692,0.512011882350909
"355",48540,10920,10910,0.500274876305662,0.499816749129558
"356",48640,639,608,0.5112,0.4864
"357",48750,2550,2612,0.49428183756542,0.506299670478775
"358",48830,5704,5357,0.515918958031838,0.484533285094067
"359",49399,2154,1370,0.611237230419977,0.388762769580023
"360",50080,18051,18528,0.493425908208731,0.506464751387256
"361",50210,39594,40002,0.497399562825055,0.502525062184367
"362",50250,9427,3600,0.723706433287272,0.276370336250576
"363",50280,7131,7133,0.500140272127928,0.500280544255856
"364",50350,7427,7663,0.492115027829314,0.507752451630003
"365",50420,32178,32501,0.497518437775407,0.502512485118357
"366",50490,20248,19437,0.510256539488937,0.489819061539237
"367",50560,889,854,0.50945558739255,0.489398280802292
"368",50630,982,868,0.532537960954447,0.470715835140998
"369",50770,858,850,0.504409171075838,0.499706055261611
"370",50840,2263,2394,0.485622317596567,0.513733905579399
"371",50910,492,482,0.504615384615385,0.494358974358974
"372",50980,8117,8098,0.500369868080385,0.499198619159167
"373",51080,579,564,0.506118881118881,0.493006993006993
"374",51120,482,449,0.518279569892473,0.482795698924731
"375",51190,15645,16275,0.49014693442777,0.509884394874526
"376",51260,17908,18787,0.488142615711716,0.512102709480456
"377",51310,13123,13657,0.489974984131725,0.509913004517791
"378",51330,45294,44887,0.502239865164552,0.497726869511222
"379",51400,8387,8733,0.489809028791684,0.510015768264907
"380",51470,294,260,0.536496350364963,0.474452554744526
"381",51540,2889,2641,0.522612156295224,0.477749638205499
"382",51610,716,708,0.50351617440225,0.49789029535865
"383",51680,2781,2695,0.508223684210526,0.49250730994152
"384",51750,4875,5185,0.484881639148598,0.515715138253432
"385",51820,51565,52908,0.493572501986159,0.506427498013841
"386",51890,4435,4363,0.504091839054331,0.495908160945669
"387",51960,1931,1680,0.534903047091413,0.465373961218837
"388",52030,570,466,0.55019305019305,0.44980694980695
"389",52100,599,545,0.522687609075044,0.475567190226876
"390",52170,3736,3858,0.491773068316441,0.507832038962748
"391",52240,558,524,0.512396694214876,0.481175390266299
"392",52310,463,402,0.536500579374276,0.465816917728853
"393",52380,107,81,0.551546391752577,0.417525773195876
"394",52450,803,648,0.551132463967056,0.444749485243651
"395",52520,782,648,0.547235829251225,0.453463960811756
"396",52590,1698,1516,0.528478057889823,0.471833177715531
"397",52660,6938,7093,0.494406042898881,0.50545143590109
"398",52730,2904,2949,0.496834901625321,0.50453378956373
"399",52800,3899,3828,0.504398447606727,0.495213454075032
"400",52870,2899,2972,0.493867120954003,0.506303236797274
"401",52940,347,344,0.502898550724638,0.498550724637681
"402",53010,351,325,0.523099850968703,0.484351713859911
"403",53080,420,348,0.544041450777202,0.450777202072539
"404",53150,3539,3834,0.479799349240781,0.519793926247288
"405",53220,7060,3527,0.666603720139741,0.333018600698706
"406",53290,7165,7070,0.503301489182355,0.496628266366957
"407",53360,1428,1296,0.523460410557185,0.475073313782991
"408",53430,13965,14928,0.483335063856297,0.516664936143703
"409",53570,2702,2511,0.517922177496646,0.481311098332375
"410",53640,654,558,0.538271604938272,0.459259259259259
"411",53710,515,518,0.498547918683446,0.501452081316554
"412",53780,60000,58066,0.50816020597427,0.491780508668366
"413",53800,19167,19465,0.496117409535642,0.5038308225915
"414",53920,1599,1662,0.489140409911288,0.508412358519425
"415",53990,13284,13269,0.500282453960004,0.499717546039995
"416",54060,1799,1772,0.504062762678621,0.496497618380499
"417",54130,615,496,0.554553651938683,0.447249774571686
"418",54170,76539,77905,0.495574476350804,0.504419048852342
"419",54200,28458,28995,0.49536110289126,0.504708524082229
"420",54280,15675,14384,0.521474433613893,0.478525566386107
"421",54310,11943,9533,0.556186839286546,0.443952871047362
"422",54340,2124,2030,0.511683931582751,0.489038785834739
"423",54410,616,611,0.503267973856209,0.499183006535948
"424",54480,318,247,0.568872987477639,0.441860465116279
"425",54550,1005,980,0.506297229219144,0.493702770780856
"426",54620,478,393,0.547537227949599,0.450171821305842
"427",54690,217,198,0.524154589371981,0.478260869565217
"428",54760,403,362,0.526797385620915,0.473202614379085
"429",54830,19970,18948,0.513130171129041,0.486869828870959
"430",54900,663,601,0.522870662460568,0.47397476340694
"431",54970,790,368,0.685169124024284,0.319167389418907
"432",55040,883,526,0.625797306874557,0.372785258681786
"433",55110,39188,41620,0.484921980374445,0.515016148391967
"434",55180,4664,4589,0.504216216216216,0.496108108108108
"435",55250,632,434,0.592314901593252,0.406747891283974
"436",55320,47299,50782,0.48223443410173,0.517745175004843
"437",55390,311,177,0.63469387755102,0.361224489795918
"438",55460,1761,1587,0.525671641791045,0.473731343283582
"439",55530,257,199,0.564835164835165,0.437362637362637
"440",55600,1259,1170,0.518533772652389,0.481878088962109
"441",55670,401,352,0.534666666666667,0.469333333333333
"442",55740,4058,4693,0.463400708005025,0.535914125842183
"443",55810,262,216,0.54356846473029,0.448132780082988
"444",55880,284,241,0.538899430740038,0.4573055028463
"445",55950,295,259,0.531531531531532,0.466666666666667
"446",56090,19900,18257,0.521529470346201,0.478470529653799
"447",56160,87,69,0.568627450980392,0.450980392156863
"448",56230,8365,8335,0.500958198586657,0.499161576236675
"449",56300,685,641,0.515813253012048,0.482680722891566
"450",56370,408,398,0.504326328800989,0.491965389369592
"451",56460,2519,2642,0.48798915149167,0.511817125145293
"452",56580,10425,10688,0.493584584063255,0.50603664599214
"453",56620,784,821,0.488169364881694,0.51120797011208
"454",56730,5723,5387,0.515028797696184,0.484791216702664
"455",56790,1732,1588,0.521843928894245,0.47845736667671
"456",56860,132,118,0.513618677042802,0.459143968871595
"457",56930,692,943,0.422982885085575,0.57640586797066
"458",57000,397,219,0.643435980551053,0.354943273905997
"459",57080,11463,10332,0.525898059365968,0.474010184887829
"460",57140,582,566,0.507853403141361,0.493891797556719
"461",57210,2614,2467,0.514668241779878,0.485725536522938
"462",57280,7727,6744,0.53403828875527,0.466099937798051
"463",57350,504,516,0.494602551521099,0.506378802747792
"464",57420,941,790,0.542989036353145,0.455856895556838
"465",57490,62028,63083,0.495771856067267,0.50420416580079
"466",57630,53,34,0.595505617977528,0.382022471910112
"467",57700,13612,13224,0.507285804792606,0.492825997838482
"468",57770,510,433,0.539112050739958,0.457716701902748
"469",57840,20544,21440,0.489270999547501,0.510609921646145
"470",57910,102664,107542,0.488392449383468,0.511598036230781
"471",57980,9421,9934,0.486647037553593,0.513146340203523
"472",58050,66480,67372,0.496671672232557,0.503335798761309
"473",58190,217,185,0.539800995024876,0.460199004975124
"474",58260,306,290,0.515151515151515,0.488215488215488
"475",58330,2245,2188,0.505744537057896,0.492903807163776
"476",58400,191,153,0.545714285714286,0.437142857142857
"477",58470,158,119,0.568345323741007,0.428057553956835
"478",58510,17429,17562,0.498113746784796,0.501914832809374
"479",58540,494,417,0.542857142857143,0.458241758241758
"480",58570,16807,16891,0.498827649660167,0.501320749117027
"481",58610,907,941,0.489740820734341,0.508099352051836
"482",58680,226,219,0.509009009009009,0.493243243243243
"483",58760,93015,95199,0.494203345163964,0.505807281151042
"484",58820,2071,2076,0.499276759884282,0.500482160077146
"485",58890,418,392,0.516687268232386,0.484548825710754
"486",59030,182,121,0.598684210526316,0.398026315789474
"487",59100,378,343,0.526462395543176,0.477715877437326
"488",59170,521,458,0.531090723751274,0.466870540265036
"489",59250,510,237,0.68733153638814,0.319407008086253
"490",59310,708,621,0.531930879038317,0.46656649135988
"491",59320,215,194,0.525672371638142,0.474327628361858
"492",59330,271,238,0.525193798449612,0.461240310077519
"493",59340,3534,3618,0.494404029099049,0.506155567991046
"494",59350,221,120,0.655786350148368,0.356083086053412
"495",59360,731,471,0.608153078202995,0.391846921797005
"496",59370,1806,1793,0.500831946755408,0.497226844148641
"497",60210,3096,3008,0.507208387942333,0.492791612057667
"498",60410,8061,8456,0.488190406976744,0.512112403100775
"499",60610,9084,9809,0.480762106377349,0.519132045514686
"500",60810,10385,10983,0.486143619511282,0.514137253066192
"501",61010,1141,998,0.532928538066324,0.466137319009808
"502",61210,4046,3876,0.510471864748928,0.489023467070401
"503",61410,26587,28234,0.484996078002153,0.515040405698754
"504",61510,5015,5011,0.500449056980341,0.500049895220038
"505",61610,11668,13031,0.472465176546809,0.527656300615484
"506",61810,3318,3298,0.501435695934714,0.498413178177422
"507",62010,490,412,0.54083885209713,0.454746136865342
"508",62210,3375,3391,0.49896510940272,0.501330573625074
"509",62410,2238,2159,0.508636363636364,0.490681818181818
"510",62610,22388,23863,0.484033468099367,0.515923291462175
"511",62810,24573,25866,0.48718253732231,0.51281746267769
"512",63010,8079,8119,0.49873448978332,0.501203778010988
"513",63210,3133,2993,0.511259791122715,0.488413838120104
"514",63410,810,776,0.511041009463722,0.489589905362776
"515",63610,17327,18525,0.483278944579254,0.516693163751987
"516",63810,5256,5447,0.491260865501449,0.509113001215067
"517",64010,31569,33706,0.483638202040629,0.516377117994914
"518",64210,9425,9857,0.488797842547454,0.511202157452546
"519",64610,6359,6458,0.495944470441429,0.503665574793324
"520",64810,7134,7282,0.494935479395033,0.505203274594145
"521",65010,3116,2930,0.515637928181367,0.484858513983121
"522",65210,1222,1154,0.515177065767285,0.486509274873524
"523",65410,6719,6861,0.494844601561349,0.505302695536898
"524",65610,2159,1992,0.520366353338154,0.480115690527838
"525",65810,11131,11589,0.489963905273352,0.510124130645303
"526",70200,12131,12621,0.490082010261382,0.509877590595079
"527",70420,3425,3231,0.514650638617581,0.4854996243426
"528",70540,92,71,0.560975609756098,0.432926829268293
"529",70620,1780,1894,0.484090290998096,0.515093826488986
"530",70700,693,623,0.525398028809704,0.472327520849128
"531",71000,40446,38355,0.513248058474189,0.486713872392264
"532",71300,4478,4551,0.496122313317084,0.504210059827166
"533",72200,5062,4658,0.520942677781208,0.47936605948338
"534",72300,14169,9689,0.593963529658353,0.406162230140432
"535",72330,3144,2891,0.521479515674241,0.479515674241168
"536",72800,17042,16749,0.504410110696738,0.495737879595099
"537",73600,3320,3182,0.510376633358955,0.489162182936203
"538",74050,1227,1226,0.500203832042397,0.499796167957603
"539",74550,1445,1369,0.51423487544484,0.487188612099644
"540",74560,237,226,0.511879049676026,0.488120950323974
"541",74660,3159,3032,0.510504201680672,0.489980607627666
"542",74680,1554,1613,0.490840176879343,0.509475679090335
"543",79399,3778,3132,0.546981323295208,0.453453018676705
"544",89399,195432,201425,0.492449421328085,0.507550578671915
"545",99399,2432,2090,0.537696219323458,0.462082688481097
